{
	"credit": "Made with Blockbench",
	"textures": {
		"1": "item/totem_of_undying"
	},
	"elements": [
		{
			"name": "left_leg",
			"from": [4, -1, 6],
			"to": [8, 11, 10],
			"faces": {
				"north": {"uv": [1, 5, 2, 8], "texture": "#1"},
				"east": {"uv": [0, 5, 1, 8], "texture": "#1"},
				"south": {"uv": [3, 5, 4, 8], "texture": "#1"},
				"west": {"uv": [2, 5, 3, 8], "texture": "#1"},
				"up": {"uv": [1, 5, 2, 4], "texture": "#1"},
				"down": {"uv": [2, 4, 3, 5], "texture": "#1"}
			}
		},
		{
			"name": "left_pants",
			"from": [3.75, -1.25, 5.75],
			"to": [8.25, 11.25, 10.25],
			"faces": {
				"north": {"uv": [1, 9, 2, 12], "texture": "#1"},
				"east": {"uv": [0, 9, 1, 12], "texture": "#1"},
				"south": {"uv": [3, 9, 4, 12], "texture": "#1"},
				"west": {"uv": [2, 9, 3, 12], "texture": "#1"},
				"up": {"uv": [1, 9, 2, 8], "texture": "#1"},
				"down": {"uv": [2, 8, 3, 9], "texture": "#1"}
			}
		},
		{
			"name": "right_leg",
			"from": [8, -1, 6],
			"to": [12, 11, 10],
			"faces": {
				"north": {"uv": [5, 13, 6, 16], "texture": "#1"},
				"east": {"uv": [4, 13, 5, 16], "texture": "#1"},
				"south": {"uv": [7, 13, 8, 16], "texture": "#1"},
				"west": {"uv": [6, 13, 7, 16], "texture": "#1"},
				"up": {"uv": [5, 13, 6, 12], "texture": "#1"},
				"down": {"uv": [6, 12, 7, 13], "texture": "#1"}
			}
		},
		{
			"name": "right_pants",
			"from": [7.75, -1.25, 5.75],
			"to": [12.25, 11.25, 10.25],
			"faces": {
				"north": {"uv": [1, 13, 2, 16], "texture": "#1"},
				"east": {"uv": [0, 13, 1, 16], "texture": "#1"},
				"south": {"uv": [3, 13, 4, 16], "texture": "#1"},
				"west": {"uv": [2, 13, 3, 16], "texture": "#1"},
				"up": {"uv": [1, 13, 2, 12], "texture": "#1"},
				"down": {"uv": [2, 12, 3, 13], "texture": "#1"}
			}
		},
		{
			"name": "main",
			"from": [4, 11, 6],
			"to": [12, 23, 10],
			"faces": {
				"north": {"uv": [5, 5, 7, 8], "texture": "#1"},
				"east": {"uv": [7, 5, 8, 8], "texture": "#1"},
				"south": {"uv": [8, 5, 10, 8], "texture": "#1"},
				"west": {"uv": [4, 5, 5, 8], "texture": "#1"},
				"up": {"uv": [5, 4.25, 7, 5], "texture": "#1"},
				"down": {"uv": [7, 4.25, 9, 5], "texture": "#1"}
			}
		},
		{
			"name": "jacket",
			"from": [3.75, 10.75, 5.75],
			"to": [12.25, 23.25, 10.25],
			"faces": {
				"north": {"uv": [5, 9, 7, 12], "texture": "#1"},
				"east": {"uv": [9, 9, 10, 12], "texture": "#1"},
				"south": {"uv": [7, 9, 9, 12], "texture": "#1"},
				"west": {"uv": [4, 9, 5, 12], "texture": "#1"},
				"up": {"uv": [5, 8.25, 7, 9], "texture": "#1"},
				"down": {"uv": [7, 8.25, 9, 9], "texture": "#1"}
			}
		},
		{
			"name": "left_arm",
			"from": [0, 11, 6],
			"to": [4, 23, 10],
			"faces": {
				"north": {"uv": [9, 13, 10, 16], "texture": "#1"},
				"east": {"uv": [10, 13, 11, 16], "texture": "#1"},
				"south": {"uv": [11, 13, 12, 16], "texture": "#1"},
				"west": {"uv": [8, 13, 9, 16], "texture": "#1"},
				"up": {"uv": [9, 12, 10, 13], "texture": "#1"},
				"down": {"uv": [10, 12, 11, 13], "texture": "#1"}
			}
		},
		{
			"name": "left_arm_sleeve",
			"from": [-0.25, 10.75, 5.75],
			"to": [4.25, 23.25, 10.25],
			"faces": {
				"north": {"uv": [13, 13, 14, 16], "texture": "#1"},
				"east": {"uv": [14, 13, 15, 16], "texture": "#1"},
				"south": {"uv": [15, 13, 16, 16], "texture": "#1"},
				"west": {"uv": [12, 13, 13, 16], "texture": "#1"},
				"up": {"uv": [13, 12, 14, 13], "texture": "#1"},
				"down": {"uv": [14, 12, 15, 13], "texture": "#1"}
			}
		},
		{
			"name": "right_arm_sleeve",
			"from": [11.75, 10.75, 5.75],
			"to": [16.25, 23.25, 10.25],
			"faces": {
				"north": {"uv": [11, 9.25, 12, 12.25], "texture": "#1"},
				"east": {"uv": [12, 9.25, 13, 12.25], "texture": "#1"},
				"south": {"uv": [13, 9.25, 14, 12.25], "texture": "#1"},
				"west": {"uv": [10, 9.25, 11, 12.25], "texture": "#1"},
				"up": {"uv": [11, 8.25, 12, 9.25], "texture": "#1"},
				"down": {"uv": [12, 8.25, 13, 9.25], "texture": "#1"}
			}
		},
		{
			"name": "right_arm",
			"from": [12, 11, 6],
			"to": [16, 23, 10],
			"faces": {
				"north": {"uv": [11, 5, 12, 8], "texture": "#1"},
				"east": {"uv": [12, 5, 13, 8], "texture": "#1"},
				"south": {"uv": [13, 5, 14, 8], "texture": "#1"},
				"west": {"uv": [10, 5, 11, 8], "texture": "#1"},
				"up": {"uv": [11, 4, 12, 5], "texture": "#1"},
				"down": {"uv": [12, 4, 13, 5], "texture": "#1"}
			}
		},
		{
			"name": "right_arm_sleeve",
			"from": [11.75, 10.75, 5.75],
			"to": [16.25, 23.25, 10.25],
			"faces": {
				"north": {"uv": [11, 9.25, 12, 12.25], "texture": "#1"},
				"east": {"uv": [12, 9.25, 13, 12.25], "texture": "#1"},
				"south": {"uv": [13, 9.25, 14, 12.25], "texture": "#1"},
				"west": {"uv": [10, 9.25, 11, 12.25], "texture": "#1"},
				"up": {"uv": [11, 8.25, 12, 9.25], "texture": "#1"},
				"down": {"uv": [12, 8.25, 13, 9.25], "texture": "#1"}
			}
		},
		{
			"name": "head",
			"from": [4, 23, 4],
			"to": [12, 31, 12],
			"faces": {
				"north": {"uv": [2, 2, 4, 4], "texture": "#1"},
				"east": {"uv": [0, 2, 2, 4], "texture": "#1"},
				"south": {"uv": [6, 2, 8, 4], "texture": "#1"},
				"west": {"uv": [4, 2, 6, 4], "texture": "#1"},
				"up": {"uv": [2, 0, 4, 2], "texture": "#1"},
				"down": {"uv": [4, 0, 6, 2], "texture": "#1"}
			}
		},
		{
			"name": "hat",
			"from": [3.75, 22.75, 3.75],
			"to": [12.25, 31.25, 12.25],
			"faces": {
				"north": {"uv": [10, 2, 12, 4], "texture": "#1"},
				"east": {"uv": [8, 2, 10, 4], "texture": "#1"},
				"south": {"uv": [14, 2, 16, 4], "texture": "#1"},
				"west": {"uv": [12, 2, 14, 4], "texture": "#1"},
				"up": {"uv": [10, 0, 12, 2], "rotation": 180, "texture": "#1"},
				"down": {"uv": [12, 0, 14, 1.75], "texture": "#1"}
			}
		}
	],
	"display": {
		"thirdperson_righthand": {
			"translation": [0, -0.75, 1.25],
			"scale": [0.25, 0.25, 0.25]
		},
		"thirdperson_lefthand": {
			"translation": [0, -0.75, 1.25],
			"scale": [0.25, 0.25, 0.25]
		},
		"firstperson_righthand": {
			"rotation": [1.75, 124, 0],
			"translation": [1, 0, 0],
			"scale": [0.25, 0.25, 0.25]
		},
		"firstperson_lefthand": {
			"rotation": [1.75, 124, 0],
			"translation": [1, 0, 0],
			"scale": [0.25, 0.25, 0.25]
		},
		"ground": {
			"translation": [0, -0.5, 0],
			"scale": [0.25, 0.25, 0.25]
		},
		"gui": {
			"rotation": [170.6, 37.86, -162.59],
			"translation": [0, -3.5, 0],
			"scale": [0.4, 0.4, 0.4]
		},
		"head": {
			"translation": [0, 8.5, 0],
			"scale": [0.25, 0.25, 0.25]
		},
		"fixed": {
			"translation": [0, -1, -0.25],
			"scale": [0.25, 0.25, 0.25]
		}
	},
	"groups": [
		{
			"name": "legs",
			"origin": [0, 0, 0],
			"color": 0,
			"children": [0, 1, 2, 3]
		},
		{
			"name": "body",
			"origin": [8, 8, 8],
			"color": 0,
			"children": [
				4,
				5,
				{
					"name": "arms",
					"origin": [0, 0, 0],
					"color": 0,
					"children": [6, 7, 8, 9, 10]
				},
				11,
				12
			]
		}
	]
}